{
  "Majority Class": {
    "model_name": "Majority Class",
    "switch_accuracy": 0.8014814162188015,
    "switch_f1": 0.0,
    "duration_accuracy": 0.6975131599803122,
    "duration_f1_macro": 0.27393529798944316,
    "num_test_instances": 3019138,
    "num_switches": 599355,
    "num_duration_instances": 599355
  },
  "Last Language": {
    "model_name": "Last Language",
    "switch_accuracy": 0.8014814162188015,
    "switch_f1": 0.0,
    "duration_accuracy": 0.6975131599803122,
    "duration_f1_macro": 0.27393529798944316,
    "num_test_instances": 3019138,
    "num_switches": 599355,
    "num_duration_instances": 599355
  },
  "3-gram": {
    "model_name": "3-gram",
    "switch_accuracy": 0.8947904998049112,
    "switch_f1": 0.6568592077261286,
    "duration_accuracy": 0.7290770912063802,
    "duration_f1_macro": 0.4514737955773287,
    "num_test_instances": 3019138,
    "num_switches": 599355,
    "num_duration_instances": 599355
  }
}